{"cameraMode":{"drawMode":0,"name":"Shaded","section":"Shading Mode"},"sceneLighting":false,"audioPlay":false,"sceneViewState":{"m_AlwaysRefresh":false,"showFog":true,"showSkybox":false,"showFlares":true,"showImageEffects":true,"showParticleSystems":true,"showVisualEffectGraphs":true,"m_FxEnabled":true},"in2DMode":false,"pivot":{"x":5.960464477539063e-8,"y":0.4728391766548157,"z":0.0000011622905731201172},"rotation":{"x":-0.3984348773956299,"y":-0.0032949023880064489,"z":0.0014204200124368072,"w":-0.9172033071517944},"size":0.6104279160499573,"orthographic":false}