{"cameraMode":{"drawMode":0,"name":"Shaded","section":"Shading Mode"},"sceneLighting":false,"audioPlay":false,"sceneViewState":{"m_AlwaysRefresh":false,"showFog":true,"showSkybox":false,"showFlares":true,"showImageEffects":true,"showParticleSystems":true,"showVisualEffectGraphs":true,"m_FxEnabled":true},"in2DMode":false,"pivot":{"x":-0.005000114440917969,"y":4.635000705718994,"z":-0.1250007152557373},"rotation":{"x":-0.3984348773956299,"y":-0.0032949023880064489,"z":0.0014204200124368072,"w":-0.9172033071517944},"size":16.583084106445314,"orthographic":false}