{"cameraMode":{"drawMode":0,"name":"Shaded","section":"Shading Mode"},"sceneLighting":false,"audioPlay":false,"sceneViewState":{"m_AlwaysRefresh":false,"showFog":true,"showSkybox":false,"showFlares":true,"showImageEffects":true,"showParticleSystems":true,"showVisualEffectGraphs":true,"m_FxEnabled":true},"in2DMode":false,"pivot":{"x":0.023084253072738649,"y":0.90871262550354,"z":-1.1920928955078126e-7},"rotation":{"x":-0.3984348773956299,"y":-0.0032949023880064489,"z":0.0014204200124368072,"w":-0.9172033071517944},"size":1.0588446855545045,"orthographic":false}