{"cameraMode":{"drawMode":0,"name":"Shaded","section":"Shading Mode"},"sceneLighting":false,"audioPlay":false,"sceneViewState":{"m_AlwaysRefresh":false,"showFog":true,"showSkybox":false,"showFlares":true,"showImageEffects":true,"showParticleSystems":true,"showVisualEffectGraphs":true,"m_FxEnabled":true},"in2DMode":false,"pivot":{"x":-0.1051122173666954,"y":0.8111672401428223,"z":-2.2070953845977785},"rotation":{"x":0.11333658546209336,"y":0.1655319482088089,"z":0.019147850573062898,"w":-0.9795111417770386},"size":3.0466837882995607,"orthographic":false}