{"cameraMode":{"drawMode":0,"name":"Shaded","section":"Shading Mode"},"sceneLighting":false,"audioPlay":false,"sceneViewState":{"m_AlwaysRefresh":false,"showFog":true,"showSkybox":false,"showFlares":true,"showImageEffects":true,"showParticleSystems":true,"showVisualEffectGraphs":true,"m_FxEnabled":true},"in2DMode":false,"pivot":{"x":13.727343559265137,"y":7.769983291625977,"z":1.6611241102218629},"rotation":{"x":-0.07068141549825669,"y":0.7771479487419128,"z":0.08873996883630753,"w":0.6190126538276672},"size":19.617202758789064,"orthographic":false}