{"cameraMode":{"drawMode":0,"name":"Shaded","section":"Shading Mode"},"sceneLighting":false,"audioPlay":false,"sceneViewState":{"m_AlwaysRefresh":false,"showFog":true,"showSkybox":false,"showFlares":true,"showImageEffects":true,"showParticleSystems":true,"showVisualEffectGraphs":true,"m_FxEnabled":true},"in2DMode":false,"pivot":{"x":-0.3934999108314514,"y":4.017467975616455,"z":2.144787073135376},"rotation":{"x":-0.3984348773956299,"y":-0.0032949023880064489,"z":0.0014204200124368072,"w":-0.9172033071517944},"size":5.976016521453857,"orthographic":false}