{"cameraMode":{"drawMode":0,"name":"Shaded","section":"Shading Mode"},"sceneLighting":false,"audioPlay":false,"sceneViewState":{"m_AlwaysRefresh":false,"showFog":true,"showSkybox":false,"showFlares":true,"showImageEffects":true,"showParticleSystems":true,"showVisualEffectGraphs":true,"m_FxEnabled":true},"in2DMode":false,"pivot":{"x":0.4330619275569916,"y":-1.9353011846542359,"z":-5.40521240234375},"rotation":{"x":-0.022512411698698999,"y":0.15919415652751923,"z":-0.0036386887077242138,"w":-0.9870115518569946},"size":4.702945709228516,"orthographic":false}