{"cameraMode":{"drawMode":0,"name":"Shaded","section":"Shading Mode"},"sceneLighting":false,"audioPlay":false,"sceneViewState":{"m_AlwaysRefresh":false,"showFog":true,"showSkybox":false,"showFlares":true,"showImageEffects":true,"showParticleSystems":true,"showVisualEffectGraphs":true,"m_FxEnabled":true},"in2DMode":false,"pivot":{"x":14.675263404846192,"y":9.726088523864746,"z":3.7952933311462404},"rotation":{"x":-0.10668376088142395,"y":0.7959621548652649,"z":0.14705762267112733,"w":0.5774451494216919},"size":14.260528564453125,"orthographic":false}