{"cameraMode":{"drawMode":0,"name":"Shaded","section":"Shading Mode"},"sceneLighting":false,"audioPlay":false,"sceneViewState":{"m_AlwaysRefresh":false,"showFog":true,"showSkybox":false,"showFlares":true,"showImageEffects":true,"showParticleSystems":true,"showVisualEffectGraphs":true,"m_FxEnabled":true},"in2DMode":false,"pivot":{"x":0.000009059906005859375,"y":0.26451361179351809,"z":0.000008940696716308594},"rotation":{"x":-0.3081962466239929,"y":0.6111484169960022,"z":-0.2797747254371643,"w":-0.6732350587844849},"size":7.589871883392334,"orthographic":false}