{"cameraMode":{"drawMode":0,"name":"Shaded","section":"Shading Mode"},"sceneLighting":false,"audioPlay":false,"sceneViewState":{"m_AlwaysRefresh":false,"showFog":true,"showSkybox":false,"showFlares":true,"showImageEffects":true,"showParticleSystems":true,"showVisualEffectGraphs":true,"m_FxEnabled":true},"in2DMode":false,"pivot":{"x":0.000006198883056640625,"y":0.26451361179351809,"z":-0.0000011920928955078126},"rotation":{"x":-0.3081962466239929,"y":0.6111484169960022,"z":-0.2797747254371643,"w":-0.6732350587844849},"size":1.2759034633636475,"orthographic":false}