{"cameraMode":{"drawMode":0,"name":"Shaded","section":"Shading Mode"},"sceneLighting":false,"audioPlay":false,"sceneViewState":{"m_AlwaysRefresh":false,"showFog":true,"showSkybox":false,"showFlares":true,"showImageEffects":true,"showParticleSystems":true,"showVisualEffectGraphs":true,"m_FxEnabled":true},"in2DMode":false,"pivot":{"x":3.4294040203094484,"y":1.24525785446167,"z":3.702488422393799},"rotation":{"x":-0.35578837990760805,"y":0.06944765150547028,"z":-0.026538092643022538,"w":-0.9316308498382568},"size":2.9520304203033449,"orthographic":false}