{"cameraMode":{"drawMode":0,"name":"Shaded","section":"Shading Mode"},"sceneLighting":false,"audioPlay":false,"sceneViewState":{"m_AlwaysRefresh":false,"showFog":true,"showSkybox":false,"showFlares":true,"showImageEffects":true,"showParticleSystems":true,"showVisualEffectGraphs":true,"m_FxEnabled":true},"in2DMode":false,"pivot":{"x":-0.0000057220458984375,"y":0.2645135819911957,"z":0.00000286102294921875},"rotation":{"x":-0.3081962466239929,"y":0.6111484169960022,"z":-0.2797747254371643,"w":-0.6732350587844849},"size":17.805471420288087,"orthographic":false}